{"_timestamp":1.7271305999785087e+09,"critic_grad_norm":0.38756483793258667,"_runtime":21531.877302223,"policy_loss":-0.00040935762632396215,"ratio":0.9999897480010986,"dist_entropy":1.070534094174703,"average_episode_rewards":-5.8587155859375e+07,"eval_average_episode_rewards":-5.228920790000006e+07,"_step":9964800,"actor_grad_norm":0.017021017149090767,"value_loss":0.07225768069426218,"_wandb":{"runtime":21531}}