{"_step":9995520,"policy_loss":-0.0029152127996932603,"average_episode_rewards":-255177.919921875,"ratio":1.000562310218811,"_wandb":{"runtime":4953},"actor_grad_norm":0.18109045922756195,"value_loss":0.0005361891235224903,"_timestamp":1.727088692950028e+09,"_runtime":4953.946238204,"dist_entropy":0.23049949208895365,"critic_grad_norm":0.09314043819904327}