{"policy_loss":-0.0025635778968194243,"actor_grad_norm":0.09225589781999588,"_step":40320,"_runtime":31.836243461,"dist_entropy":0.8257015506426494,"ratio":0.9999366998672485,"eval_average_episode_rewards":-392693.3,"_wandb":{"runtime":31},"value_loss":0.00025846090478201706,"critic_grad_norm":0.02128146030008793,"_timestamp":1.7271523656057966e+09,"average_episode_rewards":-375564.580078125}