{"_step":1920,"average_episode_rewards":-1.2353703515625e+06,"_wandb":{"runtime":3},"critic_grad_norm":3.339592456817627,"eval_average_episode_rewards":-299286.10000000003,"policy_loss":-0.002976314310346595,"_runtime":3.396813114,"dist_entropy":1.0932461818059285,"value_loss":1.141579540570577,"_timestamp":1.7271083131343093e+09,"ratio":0.9987564086914062,"actor_grad_norm":0.10635461658239365}