{"average_episode_rewards":-5.59589203125e+06,"eval_average_episode_rewards":-5.8647103999999985e+06,"actor_grad_norm":0.07126305252313614,"_step":3980160,"dist_entropy":0.8518244425455729,"_runtime":3705.991256849,"value_loss":0.13508574962615966,"ratio":0.9997925758361816,"_wandb":{"runtime":3705},"critic_grad_norm":0.41880202293395996,"policy_loss":-0.0017248470745952224,"_timestamp":1.7271602201822095e+09}