{"actor_grad_norm":0.12747898697853088,"_timestamp":1.7271561907909417e+09,"average_episode_rewards":-2.854352109375e+06,"_runtime":25.231157712,"eval_average_episode_rewards":-294490.00000000006,"_step":21120,"value_loss":0.042789715031782784,"dist_entropy":1.0405958652496339,"ratio":0.9999446272850037,"critic_grad_norm":1.5205998420715332,"_wandb":{"runtime":25},"policy_loss":-0.003325893334221064}