{"_step":9991680,"value_loss":0.015206992564102014,"policy_loss":-0.0015033112529768762,"_wandb":{"runtime":35522},"actor_grad_norm":0.050088346004486084,"ratio":0.9995383024215698,"critic_grad_norm":0.18292982876300812,"dist_entropy":0.7629185636838277,"_runtime":35522.463823327,"_timestamp":1.7271446257988873e+09,"average_episode_rewards":-1.007804625e+07,"eval_average_episode_rewards":-1.0157262999999998e+07}