{"value_loss":0.004478577710688114,"ratio":0.998132586479187,"average_episode_rewards":-1.86703828125e+06,"_wandb":{"runtime":4219},"policy_loss":-0.0073864032567864035,"critic_grad_norm":0.06017560884356499,"_timestamp":1.7271604638786142e+09,"dist_entropy":0.6203033010164897,"actor_grad_norm":0.21255634725093842,"_runtime":4219.227739655,"_step":3995520,"eval_average_episode_rewards":-9.645484599999998e+06}