{"critic_grad_norm":0.5481864809989929,"actor_grad_norm":0.07264561206102371,"_runtime":23532.240328834,"_timestamp":1.7271321900908191e+09,"eval_average_episode_rewards":-267079.10000000003,"_step":9995520,"dist_entropy":0.2966714163621267,"ratio":0.9999004602432251,"value_loss":0.0009826459999506673,"policy_loss":-0.0027493106088324263,"_wandb":{"runtime":23532},"average_episode_rewards":-257688.75}