{"_wandb":{"runtime":492},"_runtime":492.473051129,"actor_grad_norm":0.23611566424369812,"policy_loss":-0.001071617607870697,"_step":990720,"ratio":1.0002027750015259,"_timestamp":1.7270837319152203e+09,"average_episode_rewards":-277918.212890625,"dist_entropy":0.17069645325342814,"critic_grad_norm":0.06435292214155197,"value_loss":0.00019887145414638024}