{"eval_average_episode_rewards":-321245.50000000006,"policy_loss":-0.0016799462956403961,"actor_grad_norm":0.08827962726354599,"value_loss":0.00015354533776796114,"_step":3995520,"critic_grad_norm":0.028979938477277756,"_wandb":{"runtime":3412},"dist_entropy":0.26840906143188475,"_timestamp":1.7271564204596214e+09,"average_episode_rewards":-311138.671875,"ratio":0.9998266100883484,"_runtime":3412.465048212}