{"eval_average_episode_rewards":-274766.3,"dist_entropy":0.250711065530777,"ratio":1.0009241104125977,"_runtime":580.011567916,"_step":990720,"value_loss":8.016402838014376e-05,"_timestamp":1.7271055401614017e+09,"_wandb":{"runtime":580},"policy_loss":-0.00239836919837065,"actor_grad_norm":0.16872616112232208,"critic_grad_norm":0.07050003856420517,"average_episode_rewards":-279420.703125}