{"_timestamp":1.727132965953564e+09,"eval_average_episode_rewards":-267079.10000000003,"_wandb":{"runtime":23847},"average_episode_rewards":-257688.75,"_step":9995520,"value_loss":0.0009826459999506673,"_runtime":23847.523825403,"policy_loss":-0.0027493106088324263,"dist_entropy":0.2966714163621267,"actor_grad_norm":0.07264561206102371,"critic_grad_norm":0.5481864809989929,"ratio":0.9999004602432251}