{"actor_grad_norm":0.0810348391532898,"ratio":0.9987937211990356,"average_episode_rewards":-299334.111328125,"value_loss":0.0035863665320600073,"_runtime":13.024951887,"critic_grad_norm":0.5998853445053101,"_timestamp":1.7271083955676436e+09,"_wandb":{"runtime":13},"dist_entropy":0.9744794805844624,"eval_average_episode_rewards":-299286.10000000003,"_step":11520,"policy_loss":-0.0019100675879788773}