{"_wandb":{"runtime":29216},"_runtime":29216.647861549,"dist_entropy":0.2966714163621267,"_step":9995520,"critic_grad_norm":0.5481864809989929,"eval_average_episode_rewards":-267079.10000000003,"_timestamp":1.7271348334077387e+09,"average_episode_rewards":-257688.75,"policy_loss":-0.0027493106088324263,"actor_grad_norm":0.07264561206102371,"ratio":0.9999004602432251,"value_loss":0.0009826459999506673}