{"dist_entropy":1.070534094174703,"_wandb":{"runtime":35412},"average_episode_rewards":-5.8587155859375e+07,"eval_average_episode_rewards":-5.228920790000006e+07,"critic_grad_norm":0.38756483793258667,"value_loss":0.07225768069426218,"_step":9964800,"_runtime":35412.563311318,"ratio":0.9999897480010986,"actor_grad_norm":0.017021017149090767,"_timestamp":1.7271444122354283e+09,"policy_loss":-0.00040935762632396215}