{"_timestamp":1.7271042507015944e+09,"actor_grad_norm":0.19109702110290527,"_runtime":39.49241415,"eval_average_episode_rewards":-373796.00000000006,"dist_entropy":0.5179447770118714,"ratio":0.9986406564712524,"average_episode_rewards":-366712.91015625,"_wandb":{"runtime":39},"policy_loss":-0.002285753350566703,"_step":59520,"value_loss":0.0001112280956779917,"critic_grad_norm":0.021325314417481422}