{"eval_average_episode_rewards":-392693.3,"policy_loss":-0.004847379722632421,"value_loss":1.1039078871409098,"_step":1920,"_timestamp":1.727104929657301e+09,"_wandb":{"runtime":10},"average_episode_rewards":-3.760889296875e+06,"ratio":0.9993345737457275,"actor_grad_norm":0.1728716939687729,"_runtime":10.087576825,"dist_entropy":1.0929000775019329,"critic_grad_norm":4.148134708404541}