{"ratio":0.9987834692001343,"value_loss":0.18112149039904277,"critic_grad_norm":0.5794183611869812,"average_episode_rewards":-2.42655609375e+06,"_runtime":268.107850478,"_step":472320,"actor_grad_norm":0.08236002922058105,"eval_average_episode_rewards":-297953.49999999994,"dist_entropy":0.8948185880978902,"_wandb":{"runtime":268},"_timestamp":1.7271014885469198e+09,"policy_loss":-0.004346730726666692}