{"value_loss":0.07225768069426218,"policy_loss":-0.00040935762632396215,"dist_entropy":1.070534094174703,"average_episode_rewards":-5.8587155859375e+07,"_runtime":33714.539838608,"_step":9964800,"critic_grad_norm":0.38756483793258667,"eval_average_episode_rewards":-5.228920790000006e+07,"_wandb":{"runtime":33714},"actor_grad_norm":0.017021017149090767,"ratio":0.9999897480010986,"_timestamp":1.7271427375687304e+09}