{"_runtime":4.184510439,"actor_grad_norm":0.10635461658239365,"critic_grad_norm":3.339592456817627,"_step":1920,"policy_loss":-0.002976314310346595,"dist_entropy":1.0932461818059285,"ratio":0.9987564086914062,"value_loss":1.141579540570577,"eval_average_episode_rewards":-299286.10000000003,"average_episode_rewards":-1.2353703515625e+06,"_wandb":{"runtime":4},"_timestamp":1.7271086247703543e+09}