{"policy_loss":-0.0023262320055285573,"value_loss":0.004100238485261798,"_wandb":{"runtime":4003},"critic_grad_norm":0.15457533299922943,"ratio":0.9994213581085205,"actor_grad_norm":0.13515406847000122,"average_episode_rewards":-4.09906640625e+06,"dist_entropy":0.2694089492162069,"eval_average_episode_rewards":-5.373239800000002e+07,"_runtime":4003.879119653,"_step":3995520,"_timestamp":1.7271605788424172e+09}