{"ratio":0.999022901058197,"_runtime":397.632618357,"value_loss":8.987080267009636e-05,"_step":683520,"policy_loss":-0.002330915580538099,"average_episode_rewards":-322647.509765625,"actor_grad_norm":0.20539455115795135,"critic_grad_norm":0.06159256771206856,"eval_average_episode_rewards":-332488,"dist_entropy":0.21748703420162202,"_wandb":{"runtime":397},"_timestamp":1.7271049117593832e+09}