{"critic_grad_norm":0.018988903611898422,"_step":3995520,"average_episode_rewards":-376021.875,"actor_grad_norm":0.13931550085544586,"_wandb":{"runtime":3317},"ratio":0.9987493753433228,"_runtime":3317.530596867,"dist_entropy":0.17611464659372966,"eval_average_episode_rewards":-386988.19999999995,"_timestamp":1.7271563772319164e+09,"value_loss":0.0001498188309293861,"policy_loss":-0.002411646353842419}