{"actor_grad_norm":0.24421760439872742,"_wandb":{"runtime":124},"critic_grad_norm":0.019050106406211853,"average_episode_rewards":-273141.4453125,"_runtime":124.717947711,"value_loss":0.0008291680365800858,"_timestamp":1.7271017787652028e+09,"policy_loss":-0.002131803640061965,"eval_average_episode_rewards":-285617.1,"dist_entropy":0.32932863632837933,"ratio":0.9996669292449951,"_step":270720}